Section,Headline,Link
9 News,A Current AffairHeroic locals band together to save homes,https://9now.nine.com.au/a-current-affair/victoria-bushfires-ruffy/8497979c-c8b6-4948-9576-0c7d30f25d7d
9 News,All the dazzling celebrity arrivals on the 2026 Golden Globes red carpet,https://style.nine.com.au/latest/golden-globes-2026-red-carpet-best-celebrity-fashion-outfits-looks-in-pictures/08ba0ad4-2a85-47f4-a98e-ef09658d1680
9 News,Queensland town records wettest day in 110 years as ex-cyclone lashes state,https://www.9news.com.au/national/queensland-weather-floods-update-ex-cyclone-koji-david-crisafulli/c289abc7-8084-453e-86f6-0cbd6ca8e5c2
9 News,A Current AffairMystery surrounds theft of giant sandstone blocks from roadside,https://9now.nine.com.au/a-current-affair/lake-macquarie-nsw-speers-point-road-sandstone-block-theft/e740476b-9db5-4916-9004-c39539f24e25
9 News,Bondi hero reveals 'trauma' after seeing video of confrontation with gunman,https://www.9news.com.au/national/bondi-hero-ahmed-al-ahmed-recalls-seeing-new-angle-of-his-heroic-act-during-shooting/6248418b-8379-4867-88a6-ba569487a017
9 News,More than 350 structures including homes destroyed by Victorian fires,https://www.9news.com.au/national/victoria-bushfires-updates-body-found-longwood-blaze-emergency-warnings-in-place/1204a8a3-ef3b-4ab3-98e2-990abc6b2320
9 News,"Three-year-old dead, man injured after house fire in Melbourne's north",https://www.9news.com.au/national/fawkner-fire-threeyearold-dead-man-injured-after-house-fire-in-melbournes-north/125feeb2-886c-4f70-831c-8efa7a6f2c12
9 News,'We are afraid': Muslim leader speaks out after alleged racist attack on Melbourne road,https://www.9news.com.au/national/victorian-imam-ismet-purdic-and-wife-assaulted-in-racist-attack-south-gippsland-highway/d868f682-d313-48eb-9462-8a88081a7340
9 News,'A great Australian guy': Cattle farmer identified as victim of Longwood bushfire,https://www.9news.com.au/national/bushfires-victoria-death-longwood-fire/6d742b08-2d80-4c4c-974f-5d917941adac
9 News,"Uninsured Aussies eligible for up to $52,000 after fire devastation",https://www.9news.com.au/national/disaster-payments-bushfires-victoria-explained/b6463414-145b-4ecf-bb8c-331997422f4d
9 News,Report reveals surge in bulk billing GPs,https://www.9news.com.au/national/bulk-billing-gp-cost-sydney-australia/24fe2465-7bd0-47a3-bb0f-306547158066
9 News,Parliament recalled early to pass post-Bondi terror attack reforms,https://www.9news.com.au/national/bondi-beach-shooting-prime-minister-anthony-albanese-recalls-parliament-early-hate-speech-gun-buyback-legislation/ed81c0a2-e34f-4788-b240-2a05bf1ff763
9 News,'Factories of hate': NSW cracks down on illegal prayer halls,https://www.9news.com.au/national/nsw-councils-given-more-powers-to-crack-down-on-illegal-hate-preaching-venues/0940f146-341f-4fac-acb6-edbb05b037bc
9 News,'Leave now': Government warning to Aussies as Iran death toll rises,https://www.9news.com.au/world/iran-travel-advice-australians-urged-leave-now-protest-death-toll-rises/7cb0297d-b60c-46f3-be85-9cced8216362
9 News,Hero police officer who stopped Bondi Junction stabbing diagnosed with cancer,https://www.9news.com.au/national/bondi-junction-stabbing-hero-police-officer-amy-scott-diagnosed-with-cancer/39c8559c-60e0-4afc-902a-03f3f5a17bda
9 News,Under-siege festival breaks silence after axing Palestinian author,https://www.9news.com.au/national/randa-abdel-fattah-adelaide-writers-week-in-limbo-as-board-members-and-chair-quit-amid-fallout/400f3f55-2f34-423d-a189-567504fcaf33
9 News,Young fashion student shot in back of head during Iran protests: watchdog,https://www.9news.com.au/world/iran-protests-victim-rubina-aminian/e9155192-6b99-4c2f-ae57-8f26556cf512
9 News,Man arrested in NSW after missing Brisbane woman found dead at house,https://www.9news.com.au/national/missing-woman-found-dead-logan-home-brisbane-queensland/34c7650d-7a79-41c7-8497-c73a19335399
9 News,Man arrested in Bondi vest scare told to leave state,https://www.9news.com.au/national/bondi-junction-vest-arrest-concern-and-fear/b3345c0f-581f-4a17-9a5b-08b7e035eb17
9 News,Queensland town records wettest day in 110 years as ex-cyclone lashes state,https://www.9news.com.au/national/queensland-weather-floods-update-ex-cyclone-koji-david-crisafulli/c289abc7-8084-453e-86f6-0cbd6ca8e5c2
9 News,A Current AffairMystery surrounds theft of giant sandstone blocks from roadside,https://9now.nine.com.au/a-current-affair/lake-macquarie-nsw-speers-point-road-sandstone-block-theft/e740476b-9db5-4916-9004-c39539f24e25
9 News,Bondi hero reveals 'trauma' after seeing video of confrontation with gunman,https://www.9news.com.au/national/bondi-hero-ahmed-al-ahmed-recalls-seeing-new-angle-of-his-heroic-act-during-shooting/6248418b-8379-4867-88a6-ba569487a017
9 News,Today in History'Man of steel' future dictator awards himself his nickname,https://www.9news.com.au/world/today-in-history-january-12-josef-stalin-gives-himself-nickname/5870e311-93e4-404b-b7c6-b774fee1872a
9 News,Aussie kids are officially booted from social media today. What now?,https://www.9news.com.au/national/social-media-ban-australia-penalties-children-platforms-explainer/63ac14f5-2bd8-4747-9622-e84f539b64c0
9 News,The little-known apps kids are switching to ahead of ban,https://www.9news.com.au/national/tiktok-instagram-alternatives-booming-as-australian-kids-switch-before-social-media-ban/a2950b1d-898e-467f-a9e4-744f1807a3ec
9 News,'The social media ban is the easy option. That's why it will fail',https://www.9news.com.au/national/social-media-ban-about-avoiding-the-truth/4ccfac45-9ee4-45e0-b189-d7b7b3aed2ea
9 News,Couple get hire car stuck in sinkhole on way to airport in Adelaide,https://www.9news.com.au/national/sinkhole-adelaide-couple-car-fall/b37708cb-98ca-4f15-980b-21c81186919b
9 News,Sabalenka's cheeky hint to partner after Brisbane victory,https://www.nine.com.au/sport/tennis/brisbane-international-2026-aryna-sabalenka-defeats-marta-kostyuk-womens-final-result-third-title-marriage-hints-20260111-p5nt7s.html
9 News,'Significant rain' still expected as ex-cyclone Koji crosses Queensland,https://www.9news.com.au/national/queensland-cyclone-warning-severe-weather-forecast-heavy-rain-updates/41d13e7e-3d9c-43f8-9326-da96909c22b6
9 News,Parcel service Sendle suddenly shuts down operations,https://www.9news.com.au/national/parcel-service-sendle-ceases-operations-in-australia/3744ab01-386d-45fa-a37b-deac2de7615d
9 News,Half a million Instagram and Facebook accounts wiped,https://www.9news.com.au/national/australia-social-media-ban-meta-instagram-facebook/b4e1535d-6a02-4719-a230-d61174ad9053
9 News,Instagram tells users to ignore unprompted password reset emails,https://www.9news.com.au/national/instagram-password-reset-email-warning/182a2a38-10b1-440b-9222-381f24d7fab5
9 News,"Man charged with murder after teen boxer, 19, found stabbed to death",https://www.9news.com.au/national/teenager-fatally-stabbed-melbourne-cbd/49568461-b077-41da-9de0-f4c353b1f50a
9 News,Family shelters in shipping container as home destroyed by fire,https://www.9news.com.au/national/bushfires-victoria-family-shelter-shipping-container/fd0eaa95-b618-4597-b6ef-5cd6b2cf6691
9 News,Man faces court after being accused of murdering fellow Sydney inmate,https://www.9news.com.au/national/villawood-detention-centre-death-sydney/63521b86-cd52-427c-a381-5a6f617d5980
9 News,Childcare centre shut down in Sydney for failing to meet standards,https://www.9news.com.au/national/sydney-childcare-centre-closure/1bbef420-32d8-423f-84e0-ce306148cb9c
9 News,"Homes razed, cattle killed as fires continue to burn",https://www.9news.com.au/national/victoria-fires-multiple-bushfires-continue-to-burn-out-of-control-weather-conditions-ease-water-contamination-damage/1af8009c-3ff4-4bc5-881d-8c6af9a26edd
9 News,Couple's desperate fight to reverse 'accidental' purchase,https://www.domain.com.au/news/left-for-you-bride-to-be-finds-pristine-wedding-dress-hidden-in-new-home-1472167/?utm_source=9news.com.au&utm_medium=referral&utm_campaign=editorial-homepage-driver
9 News,Bride-to-be's startling discovery hidden in new home,https://www.domain.com.au/news/left-for-you-bride-to-be-finds-pristine-wedding-dress-hidden-in-new-home-1472167/?utm_source=9news.com.au&utm_medium=referral&utm_campaign=editorial-homepage-driver
9 News,"With Cuban ally Maduro ousted, Trump warns Havana to make a 'deal' before it's too late",https://www.9news.com.au/world/donald-trump-usa-venezuela-nicolas-maduro-cuba-warning/4dbceeef-4e57-4e07-b152-d4e2ba1e9bdd
9 News,Impeachments info removed from Smithsonian's Trump portrait,https://www.9news.com.au/world/donald-trump-references-to-impeachments-removed-from-smithsonian-us/c45728d0-ef67-4e65-8f21-d9018d53f1b1
9 News,Iran warns it will retaliate if Trump orders strike over protests,https://www.9news.com.au/world/iran-protests-donald-trump-threat-iran-warns-it-will-target-us-troops-and-israel-if-us-strikes-over-protests/86013902-907a-4d67-863a-0e8899326d45
9 News,Deadly protests in Iran reach two-week mark as country remains without internet,https://www.9news.com.au/world/protests-in-iran-reach-the-2week-mark-as-authorities-intensify-crackdown-on-demonstrators/1e368ec5-299f-4caa-a26d-761084d183f2
9 News,Coach 'takes offence' to question from ex-England skipper,https://www.nine.com.au/sport/cricket/ashes-2026-brendon-mccullum-interview-england-coaching-methods-nasser-hussain-question-video/3b1e92f3-7aa9-4a66-8cc4-2b521c83c773
9 News,Smith explains 'random' new gesture as theory debunked,https://www.nine.com.au/sport/cricket/the-ashes-2026-steve-smith-hand-gesture-press-conference-jofra-archer-brydon-carse/9ee0875c-9c09-4089-80f0-2b8b9054ba96
9 News,Why four-game rookie 'holds the key' for Raiders,https://www.nine.com.au/sport/nrl/news-2025-the-mole-canberra-raiders-best-17-squad-team-selection-analysis/0c721eff-1584-4dba-8c8b-665eab577463
9 News,Bozza: My warning to 'old friend' before taking United job,https://www.nine.com.au/sport/football/premier-league-2026-mark-bosnich-exclusive-column-manchester-united-coach-sacked-gareth-southgate-ruben-amorim/4b5a0457-8cec-4e79-bba1-f4f37b88f6dd
9 News,ECB slammed for sweeping Brook incident 'under the carpet',https://www.nine.com.au/sport/cricket/the-ashes-2026-harry-brook-new-zealand-bouncer-incident-behaviour-issues/a606a500-636c-4bea-9974-5bc7e79de3bd
9 News,Aussie teen's plan to upset world No.2 in crunch Cup clash,https://www.nine.com.au/sport/tennis/united-cup-2026-quater-final-australia-poland-maya-joint-iga-swiatek/5fdb2706-376a-48ef-a33a-dfe4fae58b6c
9 News,'Cult' of 'arrogance' could end three England careers,https://www.nine.com.au/sport/cricket/the-ashes-2026-news-england-reaction-michael-vaughan-geoffrey-boycott-ben-stokes-brendon-mccullum-rob-key-sacked-changes/d0b0e372-ce3f-43ee-bd5d-747be4a59804
9 News,Surprise pick crowned Australia's number one Christmas song,https://9now.nine.com.au/today/surprise-christmas-song-tops-today-show-poll/9ad476cc-917e-45e5-9bdf-edb687bd7daa
9 News,First look at Christopher Nolan's The Odyssey,https://9now.nine.com.au/today/the-odyssey-christopher-nolan-film-first-look-entertainment-news-on-december-23/ebcfb14c-a6db-443b-b14d-98fb4ea3b0ae
9 News,Crowded House to perform at action-packed Australian Open,https://9now.nine.com.au/today/crowded-house-to-perform-australian-open-other-entertainment-news-december-22/bdfd61f4-f211-4a45-868f-4ceb07eca37c
9 News,Heroic locals band together to save homes in fire ravaged town,https://9now.nine.com.au/a-current-affair/victoria-bushfires-ruffy/8497979c-c8b6-4948-9576-0c7d30f25d7d
9 News,Mystery surrounds theft of giant sandstone blocks from roadside,https://9now.nine.com.au/a-current-affair/lake-macquarie-nsw-speers-point-road-sandstone-block-theft/e740476b-9db5-4916-9004-c39539f24e25
9 News,Roundabout chaos has drivers scratching their heads,https://9now.nine.com.au/a-current-affair/roundabout-chaos-has-drivers-scratching-their-heads/83133767-2485-49c5-8acc-9e706ec44eca
9 News,CCTV provides vital clues into death of young Australian in Bali,https://9now.nine.com.au/60-minutes/byron-haddow-bali-cctv-footage-provides-vital-clues-into-the-death-of-young-australian-villa/5e7278d1-f714-4c34-9aea-afdfea0deaee
9 News,Families of four airmen killed in Taipan chopper crash break silence,https://9now.nine.com.au/60-minutes/taipan-families-of-four-airmen-killed-helicopter-crash-accuse-army/46e8e75d-f438-46b1-a76d-47d7110b572f
9 News,Sanna Marin: The partying prime minister who stood up against Russia,https://9now.nine.com.au/60-minutes/finland-sanna-marin-partying-prime-minister-who-stood-up-against-russia/49abe402-f6b5-4496-9669-a6b7536ea953
9 News,Couple arrive home to find nasty note taped to their door,https://www.domain.com.au/news/couple-confronted-by-rude-note-eight-hours-after-picking-up-apartment-keys-1414069/?utm_source=nine.com.au&utm_medium=referral&utm_campaign=editorial-homepage-driver
9 News,The last affordable suburb in Sydney revealed,https://www.domain.com.au/news/girraween-the-closest-suburb-to-sydneys-cbd-for-under-1-million-is-24km-away-1408376/?utm_source=nine.com.au&utm_medium=referral&utm_campaign=editorial-homepage-driver
9 News,The unusual reason Peter bought this derelict cottage,https://www.domain.com.au/news/i-collected-it-peter-bought-this-run-down-riverside-nz-cottage-for-nostalgia-1414033/?utm_source=nine.com.au&utm_medium=referral&utm_campaign=editorial-homepage-driver
9 News,"Jeep's rise and fall in Australia, and what's around the corner",https://www.drive.com.au/news/jeeps-rise-and-fall-in-australia-and-whats-around-the-corner/?utm_source=nine-rail&utm_medium=referral
9 News,Electric cars launching in Australia in 2026,https://www.drive.com.au/news/electric-cars-launching-in-australia-in-2026/?utm_source=nine-rail&utm_medium=referral
9 News,"Toyota, Nissan and Volkswagen models lose safety stars in new crash testing",https://www.drive.com.au/news/toyota-nissan-and-volkswagen-models-lose-safety-stars-in-new-crash-testing/?utm_source=nine-rail&utm_medium=referral
9 News,Mates emerge to every 'diver's worst nightmare'36 minutes ago,https://www.9news.com.au/national/western-australia-divers-emerge-from-water-to-discover-boat-vanished/2b736002-1691-4891-a174-f4dd0f6d1daa
9 News,Couple's desperate fight to reverse 'accidental' purchase2 hours ago,https://www.domain.com.au/news/left-for-you-bride-to-be-finds-pristine-wedding-dress-hidden-in-new-home-1472167/?utm_source=9news.com.au&utm_medium=referral&utm_campaign=editorial-homepage-driver
9 News,Bride-to-be's startling discovery hidden in new home2 hours ago,https://www.domain.com.au/news/left-for-you-bride-to-be-finds-pristine-wedding-dress-hidden-in-new-home-1472167/?utm_source=9news.com.au&utm_medium=referral&utm_campaign=editorial-homepage-driver
9 News,Heroic locals band together to save homes,https://9now.nine.com.au/a-current-affair/victoria-bushfires-ruffy/8497979c-c8b6-4948-9576-0c7d30f25d7d
9 News,Man arrested in NSW after missing Brisbane woman found dead at house,https://www.9news.com.au/national/missing-woman-found-dead-logan-home-brisbane-queensland/34c7650d-7a79-41c7-8497-c73a19335399
9 News,Mystery surrounds theft of giant sandstone blocks from roadside,https://9now.nine.com.au/a-current-affair/lake-macquarie-nsw-speers-point-road-sandstone-block-theft/e740476b-9db5-4916-9004-c39539f24e25
9 News,Report reveals surge in bulk billing GPs,https://www.9news.com.au/national/bulk-billing-gp-cost-sydney-australia/24fe2465-7bd0-47a3-bb0f-306547158066
9 News,Queensland town records wettest day in 110 years as ex-cyclone lashes state,https://www.9news.com.au/national/queensland-weather-floods-update-ex-cyclone-koji-david-crisafulli/c289abc7-8084-453e-86f6-0cbd6ca8e5c2
9 News,"With Cuban ally Maduro ousted, Trump warns Havana to make a 'deal' before it's too late",https://www.9news.com.au/world/donald-trump-usa-venezuela-nicolas-maduro-cuba-warning/4dbceeef-4e57-4e07-b152-d4e2ba1e9bdd
9 News,Young fashion student shot in back of head during Iran protests: watchdog,https://www.9news.com.au/world/iran-protests-victim-rubina-aminian/e9155192-6b99-4c2f-ae57-8f26556cf512
Guardian,"Attempt to overturn the Gambia""s ban on FGM heard by supreme court",https://www.theguardian.com/global-development/2026/jan/09/the-gambia-female-genital-mutilation-fgm-supreme-court-case-overturn-ban
Guardian,"Two weeks on, questions linger over targeting and impact of US airstrikes in Nigeria ",https://www.theguardian.com/world/2026/jan/08/questions-targeting-impact-us-airstrikes-in-nigeria
Guardian,"Anthony Joshua""s driver charged with dangerous driving after fatal crash in Nigeria",https://www.theguardian.com/world/2026/jan/02/anthony-joshuas-driver-charged-with-dangerous-driving-after-fatal-crash-in-nigeria
Guardian,"Cremation pyre in Africa thought to be world""s oldest containing adult remains ",https://www.theguardian.com/science/2026/jan/01/cremation-pyre-in-africa-thought-to-be-worlds-oldest-containing-adult-remains
Guardian,"US ""adapt, shrink or die"" terms for $2bn aid pot will mean UN bowing down to Washington, say experts",https://www.theguardian.com/global-development/2026/jan/01/us-aid-cuts-conditions-un-humanitarian-pledge-ocha
Guardian,"Trump""s other Latin American feud: why Colombia""s Petro is not Maduro",https://www.theguardian.com/world/2026/jan/12/trump-latin-america-feud-colombia-gustavo-petro
Guardian,"US frackers were already facing a global oil supply glut. Trump""s Venezuelan dream could make it worse",https://www.theguardian.com/us-news/2026/jan/12/us-oil-producers-global-supply-glut-venezuela
Guardian,"Carney heads to Beijing as Trump""s America First agenda forces Canada into trade rethink",https://www.theguardian.com/world/2026/jan/12/carney-heads-to-beijing-as-trump-america-first-agenda-forces-canada-into-trade-rethink
Guardian,"Trump threatens to block ExxonMobil from Venezuela after CEO calls country ""uninvestable""",https://www.theguardian.com/us-news/2026/jan/12/donald-trump-threatens-block-exxonmobil-venezuela
Guardian,"Trump tells Cuba to ""make a deal"" or face the consequences",https://www.theguardian.com/us-news/2026/jan/11/trump-tells-cuba-to-make-a-deal-or-face-the-consequences
Guardian,"Malaysia blocks Elon Musk""s Grok AI over fake, sexualised images",https://www.theguardian.com/technology/2026/jan/12/malaysia-blocks-elon-musk-grok-ai-fake-sexualised-images-indonesia-x-chatbot
Guardian,Underground church says leaders detained as China steps up crackdown ,https://www.theguardian.com/world/2026/jan/11/underground-church-early-rain-leaders-detained-china-crackdown
Guardian,"Indonesia blocks Musk""s Grok chatbot due to risk of pornographic content ",https://www.theguardian.com/world/2026/jan/10/indonesia-blocks-musks-grok-chatbot-due-to-risk-of-pornographic-content
Guardian,Alleged scam kingpin Chen Zhi arrives in China after extradition from Cambodia,https://www.theguardian.com/world/2026/jan/08/alleged-scam-kingpin-chen-zhi-extradited-china-cambodia-arrest
Guardian,Anger in Papua New Guinea after Starlink ordered to shut down internet services,https://www.theguardian.com/world/2026/jan/06/papua-new-guinea-internet-starlink-shut-down
Guardian,"Ban on ""globalise the intifada"" risks importing ""repressive models"" from UK, NSW inquiry after Bondi attack told",https://www.theguardian.com/australia-news/2026/jan/12/banning-globalise-the-intifada-will-unduly-impact-muslim-australians-nsw-inquiry-in-wake-of-bondi-attack-told-ntwnfb
Guardian,"More than $230k raised in a day for hero Bondi Junction police officer after ""rare"" cancer diagnosis",https://www.theguardian.com/australia-news/2026/jan/12/amy-scott-bondi-junction-stabbing-hero-police-officer-cancer
Guardian,"Opposition ""deeply sceptical"" of Labor bill "" as it happened",https://www.theguardian.com/australia-news/live/2026/jan/12/victoria-bushfires-adelaide-festival-writers-week-board-chair-resigns-anthony-albanese-labor-sussan-ley-coalition-ntwnfb
Guardian,"Jacinda Ardern pulls out of Adelaide writers"" week as fallout over Randa Abdel-Fattah""s axing continues",https://www.theguardian.com/culture/2026/jan/12/jacinda-ardern-pulls-out-of-adelaide-writers-week-as-fallout-over-randa-abdel-fattahs-axing-continues-ntwnfb
Guardian,"Flying foxes die in their thousands in worst mass-mortality event since Australia""s black summer",https://www.theguardian.com/environment/2026/jan/12/flying-foxes-die-in-their-thousands-in-worst-mass-mortality-event-since-australias-black-summer
Guardian,"US will have Greenland ""one way or the other"", says Trump "" Europe live",https://www.theguardian.com/world/live/2026/jan/12/greenland-denmark-us-donald-trump-ukraine-russia-europe-latest-news-updates
Guardian,"""Act of family vengeance"": French defamation case highlights perils of writing autofiction",https://www.theguardian.com/world/2026/jan/12/french-defamation-case-perils-autofiction-cecile-desprairies
Guardian,Avalanche kills British skier in La Plagne in the French Alps,https://www.theguardian.com/sport/2026/jan/11/avalanche-kills-british-skier-in-la-plagne-in-the-french-alps
Guardian,"3,000 jobs at risk unless MoD signs helicopter order, sources say",https://www.theguardian.com/business/2026/jan/11/3000-jobs-at-risk-unless-mod-signs-helicopter-order-sources-say
Guardian,Germany rejects RFK Jr claims about Covid vaccine exemption prosecutions,https://www.theguardian.com/us-news/2026/jan/11/germany-rejects-rfk-jr-claims-about-covid-vaccine-exemption-prosecutions
Guardian,"Iran crisis live: foreign minister says country ready for negotiations but also ""fully prepared for war""",https://www.theguardian.com/world/live/2026/jan/12/iran-protest-crackdown-us-donald-trump-latest-news-updates
Guardian,"Iran""s foreign minister says it is open to talks with US amid protest crackdown ",https://www.theguardian.com/world/2026/jan/12/iran-protests-donald-trump-us-military-options
Guardian,"Iran foreign minister claims protest unrest has ""come under total control""",https://www.theguardian.com/global-development/2026/jan/12/iran-protests-crackdown-toll-foreign-minister
Guardian,"Iranian student killed during protests was shot in head ""from close range""",https://www.theguardian.com/world/2026/jan/11/iranian-student-rubina-aminian-killed-during-protests-shot-in-head-from-close-range
Guardian,"""The streets are full of blood"": Iranian protests gather momentum as regime cracks down",https://www.theguardian.com/world/2026/jan/11/iran-protests-gather-momentum-demonstrators-protest-movement
Guardian,Sikh activist in UK told to increase security over Hindu nationalist threats,https://www.theguardian.com/uk-news/2026/jan/12/sikh-activist-uk-increase-security-hindu-nationalist-threats
Guardian,"Myanmar junta holds second phase of election widely decried as a ""sham exercise""",https://www.theguardian.com/world/2026/jan/11/myanmar-junta-holds-second-phase-of-election-widely-decried-as-a-sham-exercise
Guardian,Indian police raid home of environmental activists over anti-fossil fuel campaign,https://www.theguardian.com/world/2026/jan/07/indian-police-raid-home-of-environmental-activists-over-anti-fossil-fuel-campaign
Guardian,"Ministers cannot go on ignoring the Shamima Begum case, for two important reasons",https://www.theguardian.com/uk-news/2026/jan/02/ministers-cannot-go-on-ignoring-the-shamima-begum-case-for-two-important-reasons
Guardian,"Sewage in drinking water blamed for at least 10 deaths in India""s ""cleanest city""",https://www.theguardian.com/world/2026/jan/02/sewage-in-drinking-water-deaths-india-cleanest-city-indore
Guardian,"Former Tory chancellor Nadhim Zahawi says UK is ""sick"" as he defects to Reform UK "" politics live",https://www.theguardian.com/politics/live/2026/jan/12/grok-x-nudification-technology-online-safety-labour-reform-tories-lib-dems-uk-politics-latest-news-updates
Guardian,"Major incident declared as 30,000 homes left without water in Kent and Sussex",https://www.theguardian.com/business/2026/jan/12/major-incident-declared-as-30000-homes-left-without-water-in-kent-and-sussex
Guardian,Former Tory chancellor Nadhim Zahawi defects to Reform UK,https://www.theguardian.com/uk-news/2026/jan/12/former-tory-chancellor-nadhim-zahawi-defects-to-reform-uk
Guardian,"HMRC accepted ""tolerable"" risk of harm in child benefit fraud crackdown",https://www.theguardian.com/society/2026/jan/12/hmrc-risk-child-benefit-fraud-crackdown
Guardian,"London""s murder rate drops to lowest in more than a decade",https://www.theguardian.com/uk-news/2026/jan/12/london-homicide-rate-drops-to-lowest-in-more-than-a-decade
Guardian,"""Hundreds more"" federal agents being deployed in Minnesota after killing of Renee Good "" US politics live",https://www.theguardian.com/us-news/live/2026/jan/12/donald-trump-ice-minnesota-fed-jerome-powell-iran-cuba-venezuela-greenland-us-politics-live-news-updates
Guardian,"New York City expects biggest nurses strike as nearly 15,000 set to walk off job",https://www.theguardian.com/us-news/2026/jan/12/new-york-city-nurse-strike
Guardian,"First Thing: Trump weighs ""very strong"" military options against Iran as death toll of protesters climbs",https://www.theguardian.com/us-news/2026/jan/12/first-thing-trump-weighs-very-strong-military-options-against-iran-as-death-toll-of-protesters-climbs
Guardian,Democrats go all in on affordability in bid to turn voters against Trump,https://www.theguardian.com/us-news/2026/jan/12/democrats-affordability-trump
Guardian,"Chalamet a smash, Sinners shut out: the key Golden Globes snubs and surprises",https://www.theguardian.com/film/2026/jan/12/golden-globes-snubs-surprises-timothee-chalamet-one-battle-after-another
ABC,PM recalls parliament to introduce hate speech and gun laws,https://www.abc.net.au/news/2026-01-12/anthony-albanese-recalls-parliament-hate-speech-gun-laws/106220636
ABC,Adelaide Writers' Week 'hangs in the balance' as Jacinda Ardern joins list of authors boycotting event,https://www.abc.net.au/news/2026-01-12/future-of-adelaide-writers-week-hangs-in-balance/106219462
ABC,'This won't end well': US Fed Reserve chair facing criminal probe,https://www.abc.net.au/news/2026-01-12/criminal-investigation-opens-into-us-federal-reserve-chair/106220038
ABC,Danish PM says Greenland feud at a 'decisive moment' after new Trump threats,https://www.abc.net.au/news/2026-01-12/danish-pm-comments-on-trump-greenland-remarks/106220382
ABC,Man fronts court over duct taped vest near Bondi Beach,https://www.abc.net.au/news/2026-01-12/man-charged-with-offensive-behaviour-bondi-wore-duct-tape-vest/106219114
ABC,Imam thanks police after alleged roadside assault in Melbourne,https://www.abc.net.au/news/2026-01-12/imam-thanks-police-after-alleged-roadside-assault-in-melbourne/106221398
ABC,"More than the US and UK, the Taliban has an issue with Australia",https://www.abc.net.au/news/2026-01-12/interview-with-taliban-spokesman-in-kabul/106210452
ABC,Why Minneapolis was the place where ICE launched its largest operation yet,https://www.abc.net.au/news/2026-01-12/minneapolis-targeted-in-largest-ice-operation-before-shooting/106218184
ABC,'The hero of Bondi Junction' stabbing attack diagnosed with rare cancer,https://www.abc.net.au/news/2026-01-12/police-inspector-amy-scott-bondi-junction-hero-cancer-diagnosis/106219590
ABC,"NT rejects national gun buyback scheme, refuses to partly fund it",https://www.abc.net.au/news/2026-01-12/nt-government-rejects-national-gun-buyback-scheme-over-funding/106221008
ABC,Investigation underway after woman found dead at Logan home,https://www.abc.net.au/news/2026-01-12/qld-buccan-death/106220552
ABC,WA authorities still powerless to shut down illicit tobacco and vape shops,https://www.abc.net.au/news/2026-01-12/wa-falls-behind-on-tobacco-laws/106220752
ABC,"Elite sportswomen have shared their stories, and these are the hard truths",https://www.abc.net.au/news/2026-01-12/abc-elite-athletes-womens-sport-survey-results/106100946
ABC,Perth woman suffers severe reaction after taking herbal remedy ArmaForce,https://www.abc.net.au/news/2026-01-12/complementary-remedy-armaforce-causes-anaphylaxis-for-woman/106221004
ABC,Police seize 19 vehicles after dangerous driving at Summernats,https://www.abc.net.au/news/2026-01-12/police-seize-19-cars-summernats-canberra/106220058
ABC,"Police confirm multiple shots in Mullewa incident, renew plea to alleged gunman",https://www.abc.net.au/news/2026-01-12/mullewa-manhunt-kenneth-john-giles-police-update/106221762
ABC,Labor pledges fertility treatment rebates ahead of election,https://www.abc.net.au/news/2026-01-12/labor-ivf-fertility-rebate-election-pledge/106220664
ABC,Federal minister backs axing of Palestinian author from writers' festival,https://www.abc.net.au/news/2026-01-12/minister-backs-adelaide-writers-festival-decision-to-axe-author/106217558
ABC,"Assistant minister for women apologises for 'shoot, shag or marry' game at festival",https://www.abc.net.au/news/2026-01-12/tasmania-labor-mps-apologises-for-inappropriate-remarks/106217588
ABC,Walking through post-festival camp full of abandoned gear feels like 'shopping',https://www.abc.net.au/news/2026-01-12/camping-gear-abandoned-at-festivals-causing-huge-waste-problem/106210328
ABC,Flood emergency warning for central Qld town as ex-Cyclone Koji moves inland,https://www.abc.net.au/news/2026-01-12/heavy-rainfall-north-queensland-ex-cyclone-koji/106218210
ABC,Ozempic-like drug to be listed on PBS for people with severe obesity,https://www.abc.net.au/news/2026-01-12/wegovy-to-be-added-to-pbs/106218104
ABC,"Bulk-billing rates have almost doubled, report indicates",https://www.abc.net.au/news/2026-01-12/cleanbill-bulk-bill-doctor-gp-report-medical/106212998
ABC,Kaboom signals move to renewables as power station tower crashes down,https://www.abc.net.au/news/2026-01-12/bell-bay-power-station-tower-explosives-demolition/106221046
ABC,NSW SES to allow people to volunteer for a day when disaster strikes,https://www.abc.net.au/news/2026-01-10/nsw-ses-embraces-spontaneous-volunteering-from-mud-armies/106148252
ABC,NT pokies clubs claiming members' perks as giving back to the community,https://www.abc.net.au/news/2026-01-09/nt-pokies-community-contributions-member-perks-renovations-foi/106084120
ABC,Teenage girl sexually assaulted and pregnant while in state care,https://www.abc.net.au/news/2026-01-06/13-year-old-pregnant-sexual-assaults-state-residential-care/105980432
ABC,Patient says 'traumatising' hospital care deepened her mental health crisis,https://www.abc.net.au/news/2026-01-05/patient-traumatising-hospital-care-act-crisis/106157462
ABC,Calling a royal commission is just the start of Albanese's leadership test,https://www.abc.net.au/news/2026-01-09/bondi-royal-commission-test-albanese-leadership/106213854
ABC,NSW scraps its royal commission after PM announces federal antisemitism inquiry — as it happened,https://www.abc.net.au/news/2026-01-08/live-blog-albanese-antisemitism-royal-commission/106205802
ABC,Former High Court justice to lead Bondi royal commission,https://www.abc.net.au/news/2026-01-08/albanese-bell-royal-commission-antisemitism-bondi/106210052
ABC,PM's possible pick to lead Bondi royal commission sparks pushback,https://www.abc.net.au/news/2026-01-08/bondi-attack-royal-commission-albanese-pick-pushback/106209204
ABC,"Situation in Iran 'under total control', claims government, as death roll reaches 544",https://www.abc.net.au/news/2026-01-12/iran-protests-under-control-says-tehran/106222170
ABC,Anger has simmered in Iran for years — here's what lit the flame,https://www.abc.net.au/news/2026-01-12/why-are-people-protesting-in-iran/106219374
ABC,Former UK diplomat says he did not know about Epstein abuse,https://www.abc.net.au/news/2026-01-11/peter-mandelson-jeffrey-epstein-apology-abuse-bbc/106218564
ABC,Trump admin sending more agents to Minneapolis despite outrage over fatal shooting,https://www.abc.net.au/news/2026-01-12/trump-admin-deploys-more-federal-agents-to-minneapolis/106219476
ABC,"ACCC reportedly to sue Coles, Woolies as US Fed chair faces criminal probe, ASX rises — as it happened",https://www.abc.net.au/news/2026-01-12/asx-markets-business-news-live-updates/106218522
ABC,Trump tells Cuba to 'make a deal' as US cuts off Venezuelan oil,https://www.abc.net.au/news/2026-01-12/trump-says-us-will-block-all-oil-entering-cuba/106218928
ABC,Australia to discuss critical minerals with G7 in Washington next week,https://www.abc.net.au/news/2026-01-10/australia-india-invited-to-g7-meeting-on-critical-minerals/106216434
ABC,'How rude can I be?' RBA deputy gets candid on inflation and rates,https://www.abc.net.au/news/2026-01-09/rba-deputy-governor-andrew-hauser-interest-rates-inflation-janda/106210128
ABC,Tomic cruises through first round of Australian Open qualifying,https://www.abc.net.au/news/2026-01-12/australian-open-qualifying-day-one/106220762
ABC,Aussie rookie Preston gets career-best win in Hobart,https://www.abc.net.au/news/2026-01-12/hobart-international-taylah-preston-wins/106221392
ABC,Results summary of the ABC Women's Sport Survey,https://www.abc.net.au/news/2026-01-12/abc-elite-athletes-womens-sport-survey-full-summary/105989848
ABC,"Popyrin, Jones knocked out as Tomljanović advances in Adelaide",https://www.abc.net.au/news/2026-01-12/adelaide-international-emerson-jones-alja-tomljanovi%C4%87/106220998
ABC,Your rights when settling your child into child care or kindy,https://www.abc.net.au/news/2026-01-12/supporting-your-child-when-starting-child-care-or-kindy/106115412
ABC,How to avoid fly and maggot infestations in your home,https://www.abc.net.au/news/2026-01-07/how-to-reduce-flies-maggots-at-home/105941190
ABC,"Pastas, curries and tray bakes: Your favourite recipes of 2025",https://www.abc.net.au/news/2026-01-05/your-favourite-recipes-of-2025/106091718
ABC,Experts weigh in on the butter versus margarine debate,https://www.abc.net.au/news/2026-01-04/butter-margarine-nut-spreads-which-is-best/106010740
ABC,"Rose Byrne wins first Golden Globe, Jacob Elordi and Sarah Snook miss out",https://www.abc.net.au/news/2026-01-12/golden-globes-live-blog-2026/106195414
ABC,Being bored in the Perth suburbs inspired this Oscar-winning writer,https://www.abc.net.au/news/2026-01-11/shaun-tan-tales-from-outer-suburbia/106159172
ABC,Full list of Golden Globes winners,https://www.abc.net.au/news/2026-01-12/golden-globes-awards-winners-list-2026/106199402
ABC,1986 in music: The big albums turning 40 this year,https://www.abc.net.au/news/2026-01-11/1986-albums-turning-40/106186462
Sky News,"""Don't want to assimilate': Pauline Hanson on Australia's immigration policy",https://www.skynews.com.au/opinion/dont-want-to-assimilate-pauline-hanson-on-australias-immigration-policy/video/d6de0e647c7a142b93813932ee524d79
Sky News,Donald Trump's next moves analysed amid Iranian protests,https://www.skynews.com.au/opinion/donald-trumps-next-moves-analysed-amid-iranian-protests/video/e173571c2be48dbd10c5f93fbbe4b28b
Sky News,"""A real change': Iranian protests could ""absolutely topple' Ali Khamenei",https://www.skynews.com.au/opinion/a-real-change-iranian-protests-could-absolutely-topple-ali-khamenei/video/c646a9560b6cbf062266e101d4ce2989
Sky News,"Trump's desire to acquire Greenland dubbed a statement of ""power and intent'",https://www.skynews.com.au/opinion/trumps-desire-to-acquire-greenland-dubbed-a-statement-of-power-and-intent/video/8c9a411003d75a75d7f20ce01c572163
Sky News,"""Sounds good to me': Marco Rubio floated as potential leader of Cuba",https://www.skynews.com.au/opinion/sounds-good-to-me-marco-rubio-floated-as-potential-leader-of-cuba/video/5c376ee9384b108558f80d5677ef5bd3
Sky News,"""Pretty enticing': Trump considers payments to Greenlanders to join the US",https://www.skynews.com.au/opinion/pretty-enticing-trump-considers-payments-to-greenlanders-to-join-the-us/video/f3f302f2ba5335543704ad1a3a014a65
Sky News,Activist Cathy Wilcox snubs SMH after controversial cartoon sparks fury,https://www.skynews.com.au/business/media/activist-cartoonist-cathy-wilcox-snubs-her-own-newspaper-after-smh-apologises-for-divisive-and-hurtful-jewish-cartoon-scandal/news-story/1ed420538d51906adb75094513582479
Sky News,PM recalls Parliament for next week to introduce sweeping anti-hate laws,https://www.skynews.com.au/australia-news/environment-minister-murray-watt-refuses-to-hand-over-planning-documents-for-massive-solar-farm-despite-foi-request/live-coverage/93143815469251ced2820d138535ed34
Sky News,"Coalition ""deeply sceptical' of Anthony Albanese's anti-extremism bill",https://www.skynews.com.au/australia-news/politics/coalition-deeply-sceptical-of-anthony-albaneses-decision-to-plug-multiple-complex-policy-areas-with-omnibus-bill/news-story/b02156a480d238f8858c0b5c51187682
Sky News,Muslim leader and wife violently assaulted in alleged hate crime,https://www.skynews.com.au/australia-news/crime/muslim-religious-leader-and-wife-violently-assaulted-by-suspected-white-supremacists-in-alleged-hate-crime/news-story/7a07df8b99a99088fc038c61764a4d82
Sky News,"Military intervention in Iran would be ""reckless', says US intelligence expert",https://www.skynews.com.au/world-news/global-affairs/highly-unlikely-military-intervention-in-iran-would-be-reckless-says-us-intelligence-expert-as-hundreds-of-dissidents-killed/news-story/e86947183c9da2d073400d661fcf9652
Sky News,Man arrested after horror end to search for missing woman in Qld,https://www.skynews.com.au/australia-news/crime/horror-end-to-search-for-missing-woman-in-queensland-as-body-found-crime-scene-established/news-story/8e95f49bc6763f76d7df566ad5d77cc6
Sky News,Golden Globes 2026's biggest red carpet fashion fails revealed,https://www.skynews.com.au/lifestyle/celebrity-life/from-snoop-doggs-pyjamas-to-amy-poehlers-monochrome-jumpsuit-golden-globes-2026-red-carpet-fashion-fails-revealed/news-story/0c22107d7468ec6e61545e4d8cafe7e9
Sky News,Govt issues dire warning to Australians in Iran as death toll soars,https://www.skynews.com.au/australia-news/government-issues-dire-warning-to-australians-in-iran-as-death-toll-soars/news-story/e0d466463200d97c40fb7b43b3bb8c21
Sky News,"""Rare and aggressive': Bondi Junction hero suffers heartbreaking health diagnosis",https://www.skynews.com.au/australia-news/crime/long-uphill-battle-bondi-junction-hero-inspector-amy-scott-diagnosed-with-rare-and-aggressive-cancer/news-story/d9598d70f48cb09c5634640a88e30dce
Sky News,"Radical Islamic ""factories of hate' face major crackdown from NSW govt",https://www.skynews.com.au/australia-news/politics/nsw-premier-chris-minns-announces-new-laws-to-crack-down-on-factories-of-hate-hosting-radical-preachers/news-story/0ad445e0b876a68558beb51f373df8d8
Sky News,Rose Byrne's sweet nod to parents in Sydney as she wins Golden Globe,https://www.skynews.com.au/lifestyle/celebrity-life/aussie-star-rose-byrnes-sweet-dedication-to-parents-in-sydney-as-she-wins-golden-globe-for-best-actress-in-a-musical-or-comedy-film/news-story/b841f410448d09bfa7c3e79c19fc9f86
Sky News,Teen stabbed to death in Melbourne CBD after late night confrontation,https://www.skynews.com.au/australia-news/crime/teen-stabbed-to-death-in-melbourne-cbd-after-late-night-confrontation/news-story/7d46f0f01828f70ce0d2ef1bfca73dd5
Sky News,"""Beyond a joke': Footy star blasts ""criminal' price of pub steak dinner",https://www.skynews.com.au/lifestyle/celebrity-life/beyond-a-joke-afl-star-jack-ginnivan-blasts-criminal-price-of-pub-steak-dinner/news-story/4d92aa483f9a321161c214c99586625b
Sky News,"Victoria's fire crisis deepens as structural losses rise past 350, emergency warnings remain",https://www.skynews.com.au/australia-news/weather/three-emergency-warnings-in-place-as-300-homes-destroyed-one-person-dead-due-to-devastating-fires-in-victoria/news-story/c4b84be1559cd3b1fa6d0f566d51c2fd
Sky News,Vic Liberals hit with another resignation as second first-term MP quits parliament,https://www.skynews.com.au/australia-news/politics/victorian-liberals-hit-with-another-resignation-as-joe-mccracken-becomes-second-first-term-mp-to-quit-parliament-in-as-many-weeks/news-story/38a44464ec15ee63f432e62356f0684e
Sky News,"Why Trump left Albanese, rest of the West out of his mission to seize Venezuela",https://www.skynews.com.au/insights-and-analysis/the-paperwork-posse-why-donald-trump-left-albanese-european-progressives-out-of-his-mission-to-seize-venezuela/news-story/601fd950088faad08a4fa66ed7216123
Sky News,Labor cops new embarrassing blow as it navigates fallout from Bondi tragedy,https://www.skynews.com.au/insights-and-analysis/labor-cops-brutal-economic-blow-it-doesnt-want-you-to-know-about-as-albanese-government-navigates-fallout-from-bondi-massacre/news-story/4942a8b7b9cc428ab6d1662e5d5729f4
Sky News,Inside Prince Harry's ring of steel after he scoops taxpayer-paid security,https://www.skynews.com.au/insights-and-analysis/prince-harrys-ring-of-steel-inside-look-at-his-new-dual-lifestyle-after-scooping-taxpayerfunded-security/news-story/e91557afd40fe2da396c22d5b08345c9
Sky News,Two injured after driver appears to ram truck through crowd during Iran protest,https://www.skynews.com.au/world-news/united-states/two-injured-after-driver-appears-to-ram-truck-through-crowd-during-iran-protest-in-los-angeles/news-story/a87913e719986832beac14c69217aced
Sky News,Teacher accused of raping boy in car while two other teens sat in the back,https://www.skynews.com.au/world-news/united-states/texas-teacher-accused-of-raping-boy-14-in-car-in-walmart-parking-lot-while-two-other-teens-sat-in-the-back/news-story/368d46248281914d08b5798c2d86e32e
Sky News,"Trump sends ultimatum to Cuba, warns it must ""make a deal' before it is ""too late'",https://www.skynews.com.au/world-news/united-states/donald-trump-ultimatum-to-cuba-make-a-deal-before-it-is-too-late-or-face-consequences/news-story/66cf9d515abe7544ff43526c9b31c6de
Sky News,"""Massacre' unfolding in Iran as protest death toll triples, rights group warns",https://www.skynews.com.au/world-news/global-affairs/massacre-unfolding-in-iran-as-protest-death-toll-triples-rights-group-hrana-warns/news-story/b425652402b5ecbb882f74bd2a59647b
Sky News,"""Free Palestine' activists clash with crowd calling for Iran regime change",https://www.skynews.com.au/world-news/global-affairs/washington-antiice-agitators-clash-with-crowd-calling-for-iran-regime-change/news-story/f39f537f7fd6b84a13fdf6ccbed91d4b
Sky News,"Iranian prince begs Trump to ""make Iran great again' as protests rock regime",https://www.skynews.com.au/world-news/global-affairs/exiled-iranian-crown-prince-appeals-to-donald-trump-as-iran-protests-mark-defining-moment/news-story/1cc4115d8edd30567394e47ecdd5e9ec
Sky News,"Netanyahu, Rubio discuss US military intervention in Iran: report",https://www.skynews.com.au/world-news/global-affairs/netanyahu-and-marco-rubio-discuss-us-military-intervention-in-iran-amid-ongoing-nationwide-protests-report/news-story/4b3298c6f902b298360dd949be7d904d
Sky News,"Military intervention in Iran would be ""reckless', says US intelligence expert",https://www.skynews.com.au/world-news/global-affairs/highly-unlikely-military-intervention-in-iran-would-be-reckless-says-us-intelligence-expert-as-hundreds-of-dissidents-killed/news-story/e86947183c9da2d073400d661fcf9652
Sky News,"""Absurd celebrity dysfunction': Brooklyn Beckham tells parents to talk only through lawyers",https://www.skynews.com.au/opinion/absurd-celebrity-dysfunction-brooklyn-beckham-tells-parents-to-talk-only-through-lawyers/video/494d7d8c60488c7c034126b6cf405c37
Sky News,"""Pretty enticing': Trump considers payments to Greenlanders to join the US",https://www.skynews.com.au/opinion/pretty-enticing-trump-considers-payments-to-greenlanders-to-join-the-us/video/f3f302f2ba5335543704ad1a3a014a65
Sky News,"""Brave people': Iranian protestors lauded for their courage to fight the Islamic regime",https://www.skynews.com.au/opinion/brave-people-iranian-protestors-lauded-for-their-courage-to-fight-the-islamic-regime/video/26a9217015240502d826224a9d01fd4f
Sky News,The Late Debate | 12 January,https://www.skynews.com.au/stream/opinion-programs/the-late-debate/the-late-debate-12-january/video/25e5df06553fdd94542263d6e55ef72f
Sky News,The Bolt Report | 12 January,https://www.skynews.com.au/stream/opinion-programs/the-bolt-report/the-bolt-report-12-january/video/6f948afe7f2f0aaf54a0080fbac50f9e
Sky News,Credlin | 12 January,https://www.skynews.com.au/stream/opinion-programs/credlin/credlin-12-january/video/697b287f5292a0305eb08be05c25a0eb
Sky News,The Late Debate | 9 January,https://www.skynews.com.au/stream/opinion-programs/the-late-debate/the-late-debate-9-january/video/800b552fe283404d203c0ef45491a8e1
Sky News,Credlin | 9 January,https://www.skynews.com.au/stream/opinion-programs/credlin/credlin-9-january/video/d5a11735d5c8681283184abdfa4df178
Sky News,The Bolt Report | 9 January,https://www.skynews.com.au/stream/opinion-programs/the-bolt-report/the-bolt-report-9-january/video/b9d455dab55ecb8472abebd5c152dcb4
Sky News,The Late Debate | 8 January,https://www.skynews.com.au/stream/opinion-programs/the-late-debate/the-late-debate-8-january/video/4a3d9a285ea60a525f229d5d9b44b3de
Sky News,Activist Cathy Wilcox snubs SMH after controversial cartoon sparks fury,https://www.skynews.com.au/business/media/activist-cartoonist-cathy-wilcox-snubs-her-own-newspaper-after-smh-apologises-for-divisive-and-hurtful-jewish-cartoon-scandal/news-story/1ed420538d51906adb75094513582479
Sky News,"Sky News Australia expands offering in 2026 with fortnightly polling, new shows and documentaries",https://www.skynews.com.au/business/media/sky-news-australia-expands-offering-in-2026-with-new-shows-polling-reporters-and-docos-as-star-primetime-lineup-returns/news-story/8356f4305f338726b666d4c6c532ef5f
Sky News,Locals lament shock closure of 60-year-old Sydney institution,https://www.skynews.com.au/australia-news/abduls-lebanese-restaurant-announces-shock-closure-of-surry-hills-sydney-institution/news-story/7ca8118fa9930056b7ae57b905e4949d
Sky News,Popular Sydney restaurant announces shock closure after more than 40 years in business,https://www.skynews.com.au/business/heavy-hearts-popular-sydney-restaurant-announces-shock-closure-after-more-than-40-years-in-business/news-story/4e3925253c358ace55cbd9b3aaaad6cf
Sky News,"""Didn't think this could happen to me': Adrian Portelli's $50 million renovation hell",https://www.skynews.com.au/business/real-estate/didnt-think-this-could-happen-to-me-the-block-star-adrian-portellis-50-million-renovation-hell-as-he-reveals-builder-threatened-him-over-ruined-penthouse/news-story/202e3d699d9bd870b5ff0c9fb4ea94c3
Sky News,"Economist reveals harsh rates truth ""no one wants to hear'",https://www.skynews.com.au/business/markets/economist-warren-hogan-reveals-harsh-rates-truth-no-one-wants-to-hear-after-latest-inflation-figures/news-story/ba6a519e03ebbcea4a132c26fe2453f8
Sky News,"""Not appropriate': Grim reality behind ""encouraging' inflation figures",https://www.skynews.com.au/business/finance/not-appropriate-grim-reality-behind-encouraging-inflation-figures-as-mortgageholders-await-next-rate-meeting-in-february/news-story/e30062eef421330a2aa4cc6e3dccfddf
Sky News,"""The Simpsons' says goodbye to beloved character after 30 years",https://www.skynews.com.au/business/media/the-simpsons-says-goodbye-to-beloved-character-duffman-after-30-years/news-story/9986a0f770397a79ff80941d385286dd
Sky News,"""Deeply offensive': SMH, The Age cop backlash over cartoon mocking Bondi Royal Commission calls",https://www.skynews.com.au/business/media/smh-the-age-cop-backlash-over-deeply-offensive-cartoon-mocking-calls-for-a-royal-commission-into-bondi-terror-attack/news-story/ae91d9a00d3869192c45dfe6439347ad
Sky News,Golden Globes 2026's biggest red carpet fashion fails revealed,https://www.skynews.com.au/lifestyle/celebrity-life/from-snoop-doggs-pyjamas-to-amy-poehlers-monochrome-jumpsuit-golden-globes-2026-red-carpet-fashion-fails-revealed/news-story/0c22107d7468ec6e61545e4d8cafe7e9
Sky News,Major sign Meghan could make dramatic UK return this year,https://www.skynews.com.au/lifestyle/celebrity-life/she-would-come-back-key-development-fuels-claims-meghan-markle-could-return-to-the-uk-in-july-after-four-years-away/news-story/67c4934b14ab480f89a120c4a8b1edb1
Sky News,Rose Byrne's sweet nod to parents in Sydney as she wins Golden Globe,https://www.skynews.com.au/lifestyle/celebrity-life/aussie-star-rose-byrnes-sweet-dedication-to-parents-in-sydney-as-she-wins-golden-globe-for-best-actress-in-a-musical-or-comedy-film/news-story/b841f410448d09bfa7c3e79c19fc9f86
Sky News,Major nineties star makes stunning comeback at Golden Globes,https://www.skynews.com.au/lifestyle/celebrity-life/nineties-icon-alicia-silverstone-makes-stunning-red-carpet-return-steals-spotlight-with-jawdropping-golden-globes-look/news-story/65613a13ebb1033fc2b8200cf7d2a123
Sky News,Five most controversial moments at the 2026 Golden Globe Awards,https://www.skynews.com.au/lifestyle/celebrity-life/from-epstein-jokes-to-diamondencrusted-backsides-the-five-most-controversial-moments-at-the-2026-golden-globe-awards/news-story/a8f7615a7a736e715e16c26534e28800
Sky News,"Medieval castle with 100 rooms hits market with nearly 1,000 years of history",https://www.skynews.com.au/lifestyle/travel/jawdropping-french-medieval-castle-with-100-rooms-hits-market-with-nearly-1000-years-of-history/news-story/a952244ca1045ce8bf27bc1a838fb8ea
Sky News,Hotel experts reveal the tiny detail that could get in the way of your stay,https://www.skynews.com.au/lifestyle/travel/hotel-experts-reveal-which-room-numbers-to-book-for-a-more-peaceful-stay/news-story/5d413b7586904974a30f3bb11dc4b668
Sky News,Fresh travel warning issued to Aussies in Iran amid ongoing violent protests,https://www.skynews.com.au/lifestyle/travel/leave-asap-fresh-travel-warning-issued-to-australians-in-iran-amid-ongoing-violent-protests-and-unpredictable-security-situation/news-story/b9041a8169245b9d29dc428d7e8918f8
Sky News,Today's News Headlines: Authorities are searching for a man's body,https://www.skynews.com.au/australia-news/todays-news-headlines-authorities-are-searching-for-a-mans-body/video/d8b7f1caf8daf69669d8c16ef3a3423c
Sky News,"A ""concern' for gun laws and hate speech to be in the same piece of legislation",https://www.skynews.com.au/australia-news/politics/a-concern-for-gun-laws-and-hate-speech-to-be-in-the-same-piece-of-legislation/video/3ec6a407fff1c1f1e55548a6c6498c20
Sky News,NSW Police's Deputy Commissioner to end 40-year career,https://www.skynews.com.au/australia-news/nsw-polices-deputy-commissioner-to-end-40year-career/video/4337abdec1ff80cc6f7cb99ea11805c7
Sky News,"""We stand with the people of Iran': Albanese hits out at ""oppressive regime'",https://www.skynews.com.au/australia-news/politics/we-stand-with-the-people-of-iran-albanese-hits-out-at-oppressive-regime/video/d17a3edecef67c1be7fc18c05ab74118
Sky News,"Albanese government promises to be ""as tough as possible' on hate groups through new laws",https://www.skynews.com.au/australia-news/politics/albanese-government-promises-to-be-as-tough-as-possible-on-hate-groups-through-new-laws/video/16090a456e04327d9e2c8b526993142b
Sky News,Anthony Albanese announces parliament will return next week for two days,https://www.skynews.com.au/australia-news/politics/anthony-albanese-announces-parliament-will-return-next-week-for-two-days/video/bd19eaaa16dc0a4db1ac69f3ab548afc
Sky News,Officer who shot Bondi stabber is diagnosed with breast cancer,https://www.skynews.com.au/australia-news/officer-who-shot-bondi-stabber-is-diagnosed-with-breast-cancer/video/0c579d7270c28ea050a7d597c569e3f7
Sky News,Today's News Headlines: NSW government announces crackdown on hate preaching venues,https://www.skynews.com.au/australia-news/todays-news-headlines-nsw-government-announces-crackdown-on-hate-preaching-venues/video/6c63ef50dfbae90d036a4a74b93c0d54
Sky News,"""A lot of nervousness': Labor told ""not to sell out' Australian farmers in EU trade deal",https://www.skynews.com.au/australia-news/politics/a-lot-of-nervousness-labor-told-not-to-sell-out-australian-farmers-in-eu-trade-deal/video/a64faea07cbdc899ea5d3b74bc4a7d99
Sky News,"""Act quickly': Littleproud urges Victorians to take bushfires ""very seriously'",https://www.skynews.com.au/australia-news/weather/act-quickly-littleproud-urges-victorians-to-take-bushfires-very-seriously/video/7bcacd5295407d371849f14e92b2a734
Sky News,"NSW government makes ""no apologies' for ""eradicating hate speech'",https://www.skynews.com.au/australia-news/politics/nsw-government-makes-no-apologies-for-eradicating-hate-speech/video/6edf74367a75d06fcda81c4242293d4d
Sky News,"""Need to fight hate speech': Minns takes a stand against illegal hate preaching venues",https://www.skynews.com.au/australia-news/politics/need-to-fight-hate-speech-minns-takes-a-stand-against-illegal-hate-preaching-venues/video/23411ac08cbb0066627d58608e88214f
Sky News,"Listen to ""Sky News Radio' on the Nova Player app",https://www.skynews.com.au/business/media/you-can-listen-to-sky-news-australia-anytime-and-on-any-platform-with-sky-news-radio-on-iheartradio/news-story/2d6aca31bc7566b5c0652db48284f5b7
Sky News,Catch up on your favourite Sky News shows with podcasts,https://www.skynews.com.au/opinion/your-favourite-sky-news-australia-shows-are-available-to-listen-to-any-time-as-podcasts/news-story/379bbe36e745709ce679d2813be0249c
